,M,N,K,S,rho,gamma,CLARABEL_fail,CLARABEL_time,CLARABEL_pstar,CLARABEL_pstop,CLARABEL_pfinal,ADMM_PROX_POOL_fail,ADMM_PROX_POOL_time,ADMM_PROX_POOL_pstar,ADMM_PROX_POOL_pstop,ADMM_PROX_POOL_pfinal
0,80,60,1.0,1.0,1.0,1.0,0,0.013603925704956055,8.327657467154673,,,0,3.194345474243164,8.32804734714235,8.32804734714235,
1,250,100,1.0,1.0,1.0,1.0,0,0.03329610824584961,26.635347345599534,,,0,7.507248163223267,26.637755904245246,26.637755904245246,
